null,1842001,L� V?n F ,Nam ,678912345
null,1842002,Chi�u V?n G ,Nam ,789123456
null,1842003,Tr?n Th? H ,N? ,891234567
null,1842004,M?c V?n I ,Nam ,912345678
null,1842005,V?n Th? J ,N? ,987654321
null,1842001,L� V?n F ,Nam ,678912345
null,1842002,Chi�u V?n G ,Nam ,789123456
null,1842003,Tr?n Th? H ,N? ,891234567
null,1842004,M?c V?n I ,Nam ,912345678
null,1842005,V?n Th? J ,N? ,987654321
null,18424043,DMM,Nam,132465789
null,18424044,asda,Nam,132465789
null,18424045,qweqw,Nam,132465789
null,18424046,qwe,Nam,132465789
null,18424047,qwesdcvzxcv,Nam,132465789
null,18424048,asdasd,Nam,132465789
null,18424049,qwéasd,Nam,132465789
null,18424050,zxcasd,Nam,132465789
null,18424051,wqéasd,Nam,132465789
null,18424052,zxczxc,Nữ,132465789
null,18424053,asda,Nữ,132465789
null,18424054,asdasd,Nữ,132465789
null,18424055,asda,Nữ,132465789
null,18424056,aasdsa,Nữ,132465789
null,18424057,a,Nữ,132465789
null,18424058,fbdfg,Nữ,132465789
null,18424043,DMM,Nam,132465789
null,18424044,asda,Nam,132465789
null,18424045,qweqw,Nam,132465789
null,18424046,qwe,Nam,132465789
null,18424047,qwesdcvzxcv,Nam,132465789
null,18424048,asdasd,Nam,132465789
null,18424049,qwéasd,Nam,132465789
null,18424050,zxcasd,Nam,132465789
null,18424051,wqéasd,Nam,132465789
null,18424052,zxczxc,Nữ,132465789
null,18424053,asda,Nữ,132465789
null,18424054,asdasd,Nữ,132465789
null,18424055,asda,Nữ,132465789
null,18424056,aasdsa,Nữ,132465789
null,18424057,a,Nữ,132465789
null,18424058,fbdfg,Nữ,132465789
null,18424043,DMM,Nam,132465789
null,18424044,asda,Nam,132465789
null,18424045,qweqw,Nam,132465789
null,18424046,qwe,Nam,132465789
null,18424047,qwesdcvzxcv,Nam,132465789
null,18424048,asdasd,Nam,132465789
null,18424049,qwéasd,Nam,132465789
null,18424050,zxcasd,Nam,132465789
null,18424051,wqéasd,Nam,132465789
null,18424052,zxczxc,Nữ,132465789
null,18424053,asda,Nữ,132465789
null,18424054,asdasd,Nữ,132465789
null,18424055,asda,Nữ,132465789
null,18424056,aasdsa,Nữ,132465789
null,18424057,a,Nữ,132465789
null,18424058,fbdfg,Nữ,132465789